checkpoint,step,context_length,perplexity
checkpoint-2000,2000,4096,2.9504653222980943
checkpoint-24000,24000,4096,1.7528811171107461
checkpoint-46000,46000,4096,1.6406441322110554
checkpoint-68000,68000,4096,1.6908549705469227
checkpoint-90000,90000,4096,1.8628570569196528
checkpoint-116000,116000,4096,1.8098684364133855
