checkpoint,step,context_length,perplexity
checkpoint-1000,1000,2048,3.193169050449338
checkpoint-4000,4000,2048,2.1097301364710073
checkpoint-7000,7000,2048,1.9551843271689673
checkpoint-10000,10000,2048,1.8948723332850514
checkpoint-13000,13000,2048,1.877890282809288
checkpoint-14895-last,14895,2048,1.8786456741980673
